Catalog#,Artist,Title,Label,Format,Genre,Rating,Released,release_id,CollectionFolder,Date Added,Collection Media Condition,Collection Sleeve Condition,Collection Notes
MMXXIII,Abhasa,१,Engraven,Cass,,,2023,28224904,Uncategorized,10/11/2023,,,
NNF 387,Acid Twilight,Mustang Zodiac,Not Not Fun Records,"Cass, Album",,,2022,23101979,Uncategorized,10/11/2023,,,
HELLS LP 095,Acid Witch,Witchtanic Hellucinations,Hells Headbangers,"LP, Album, Ltd, RE, RP, Can","['Death Metal', 'Doom Metal', 'Psychedelic Rock']",,2018,12735208,Uncategorized,7/5/2020,,,
HELLSPEP036,Acid Witch / NunSlaughter,Spooky,Hells Headbangers,"7"", EP, Pic, RE",,,2019,13855327,Uncategorized,7/9/2020,,,
KR-18,Across Tundras,Dark Songs Of The Prairie,Kreation Records,"LP, Ltd, Sil","['Acoustic', 'Doom Metal', 'Country Rock']",,2008,1412631,Uncategorized,6/10/2021,,,
ZEN271,Actress,Karma & Desire,Ninja Tune,2xLP,['IDM'],,2020,16101542,Uncategorized,11/22/2020,,,
TPO-023,Adrasteia / In Nacht Und Eis,Eisblut,The Phantom Order,"CDr, Ltd",,,2023,28476079,Uncategorized,10/11/2023,,,
none,Afsky,Ofte Jeg Drømmer Mig Død,Vendetta Records (3),"LP, Album, Ltd, RP, Cle",,,2020,15551465,Uncategorized,9/6/2020,,,
FP125,AIAA 7,Sueños Eternos,Fiadh Productions,"Cass, Album, Comp, Ltd","['Black Metal', 'Blackgaze']",,2023,27295887,Uncategorized,8/19/2023,,,
4AD0102LP,Aldous Harding,Designer,4AD,"LP, Album","['Art Rock', 'Folk', 'Alternative Rock']",,2019,13483456,Uncategorized,7/5/2020,,,
"RR7480, RR45221",Amenra,De Doorn,"Relapse Records, Relapse Records","2xLP, Album, Ltd, Gre","['Doom Metal', 'Post-Metal', 'Sludge Metal']",,2021,19271368,Uncategorized,6/28/2021,,,
RAR142,Ammothea,Terminal Burrow,Realm & Ritual,"Cass, Ltd, Num",,,2022,23927387,Uncategorized,10/11/2023,,,
"MYSTIC TIMBRE 046, MT046, MYSTIC TIMBRE 048",Amn (4),Lands Of Intrigue,"Mystic Timbre, Mystic Timbre, Mystic Timbre","Cass, Ltd, M/Print",,,2020,15663123,Uncategorized,10/11/2023,,,
PROS104391,An Autumn For Crippled Children,"All Fell Silent, Everything Went Quiet",Prosthetic Records,"LP, Ltd, Whi","['Atmospheric Black Metal', 'Post-Metal']",,2020,15331633,Uncategorized,8/8/2020,,,
NNF411,Andra Ljos,Megalithic Statues Of Vishakapar,Not Not Fun Records,"Cass, Album",,,2023,27784422,Uncategorized,10/11/2023,,,
DNO 169,Animal Collective,Water Curses,Domino,"CD, EP",['Experimental'],,2008,3631225,Uncategorized,4/17/2021,,,
ASGSR 014,Anteomedroma,Anteomedroma I,Grime Stone Records,"Cass, Album, Ltd, Num",,,2021,21620947,Uncategorized,10/11/2023,,,
SHG22,Antique Scream,The Chronicles Of Dirty Dick,Saw Her Ghost Records,"7"", Ltd","['Hard Rock', 'Stoner Rock']",,2011,4710930,Uncategorized,6/22/2020,,,
AR LP105,Aosoth,IV Arrow In Heart,Agonia Records,"2xLP, Album, Ltd","['Black Metal', 'Noise']",,2013,4491372,Uncategorized,7/5/2020,,,
none,Arcane Earth Reboot,Cirrocumulus,Yuggoth Records,"Cass, Album, Ltd",,,2023,28226179,Uncategorized,10/11/2023,,,
YUG030,Arcanist,Poseidonis,Yuggoth Records,Cass,,,2021,24405602,Uncategorized,10/11/2023,,,
YUG034,Arcanist,Hyperborea,Yuggoth Records,LP,,,2022,24293543,Uncategorized,10/11/2023,,,
MRG425,Archers Of Loaf,Vee Vee,Merge Records,"LP, Album, Ltd, RE, RM, Gre",['Alternative Rock'],,2012,3427266,Uncategorized,7/5/2020,,,
ASIP037,ASC,Original Soundtrack,A Strangely Isolated Place,"CD, Album, Ltd",,,2022,24554213,Uncategorized,10/11/2023,,,
Vendetta 63,Ash Borer,2009 Demo,Vendetta Records (3),LP,,,2012,3545498,Uncategorized,10/11/2023,,,
SPIN135,Atramentus,Stygian,20 Buck Spin,"LP, Album, Ltd, Mil",['Funeral Doom Metal'],,2020,15767457,Uncategorized,12/10/2020,,,
ASR279,Autumn's Rapture,The Countenance Of The Night,ASRAR,"12"", S/Sided, EP",['Black Metal'],,2022,24958474,Uncategorized,8/19/2023,,,
TOWER0006,Baazlvaat,The Higher Power,Labyrinth Tower,"Cass, Album",,,2021,21846487,Uncategorized,10/11/2023,,,
none,Balinor,The Land from Which Man Has Been Purged,The Phantom Order,"CD, Album","['Black Metal', 'Dungeon Synth']",,2022,24663209,Uncategorized,8/19/2023,,,
none ,Baphomorph,"I, II, III",Grime Stone Records,"Cass, Comp",,,2022,23413859,Uncategorized,10/11/2023,,,
TLR-130,Bardo Pond,Adrop/Circuit VIII,Three Lobed Recordings,"2xLP, Comp, RM, Sil",['Psychedelic Rock'],,2020,14691829,Uncategorized,7/5/2020,,,
thrill253,Barn Owl,Ancestral Star,Thrill Jockey,"LP, Album",['Drone'],,2010,2512279,Uncategorized,8/3/2020,,,
"TOWER0011, BDC038",Bat Magic,Feast Of Blood,"Labyrinth Tower, Babylon Doom Cult Records","Cass, EP, Ltd, RE",,,2022,22426726,Uncategorized,10/11/2023,,,
none,Bâtard,Brise-Lames,Not On Label,Cass,,,2021,19527991,Uncategorized,10/11/2023,,,
PAN106,Beatrice Dillon,Workaround,Pan (3),"LP, Album","['Abstract', 'Dubstep', 'Experimental', 'Minimal Techno', 'Techno']",,2020,14760208,Uncategorized,6/3/2021,,,
PFL244LP,Bell Witch / Aerial Ruin,Stygian Bough Volume I,Profound Lore Records,"2xLP, Album",,,2020,15514240,Uncategorized,3/5/2021,,,
OLE-296-8,Belle & Sebastian,If You're Feeling Sinister,Matador,"LP, Album, RE, 180",['Indie Rock'],,2014,6158352,Uncategorized,7/5/2020,,,
NSP 183,Belore,Journey Through Mountains And Valleys,Northern Silence Productions,"Cass, Album, Ltd, Num",['Atmospheric Black Metal'],,2021,18004795,Uncategorized,8/2/2021,,,
"4AD0129LPXE, 4AD0129LP",Big Thief,U.F.O.F.,"4AD, 4AD","LP, Album, Ltd, Ora","['Indie Rock', 'Folk Rock', 'Experimental']",,2019,13563322,Uncategorized,7/5/2020,,,
SBR-234,Black Marble,Bigger Than Life,Sacred Bones Records,"LP, Album","['Synth-pop', 'Coldwave']",,2019,14293235,Uncategorized,7/5/2020,,,
ELD-025,Black September (2) / Thou (2),Thrive & Decay,Gilead Media,"7"", EP, RE, Red",,,2009,2030462,Uncategorized,7/13/2020,,,
FR117,Black Wing,No Moon,Flenser Records,"LP + LP, S/Sided + Album, Ltd, Aqu",['Experimental'],,2020,16366020,Uncategorized,12/10/2020,,,
SBR-267,Blanck Mass,In Ferneaux,Sacred Bones Records,"LP, Album, Mag","['Experimental', 'Noise', 'Techno', 'Punk', 'Ambient', 'Field Recording']",,2021,17539465,Uncategorized,3/22/2021,,,
SBR-3023,Blanck Mass,Blanck Mass,Sacred Bones Records,"2xLP, Album, Ltd, RE, Cle","['Abstract', 'Modern Classical', 'Experimental', 'Ambient']",,2020,15517682,Uncategorized,7/11/2020,,,
Tower 0003,Bloodbells Chime,Forlorn Seas (Demo '21),Labyrinth Tower,Cass,,,2021,21148975,Uncategorized,10/11/2023,,,
ASGSR 007,Bloody Keep,Cup Of Blood In The Top of the Tower,A.S.GSR,"Cass, S/Sided, EP, Ltd, Num",,,2021,19916353,Uncategorized,10/11/2023,,,
"ASGSR-016, none",Bloody Keep,Bloody Horror,"A.S.GSR, Grime Stone Records",Cass,,,2021,21064909,Uncategorized,10/11/2023,,,
none,Bloody Keep,Bloody Keep,Grime Stone Records,"CDr, EP, Ltd",,,2023,26352458,Uncategorized,10/11/2023,,,
none,Bloody Keep,Wampyric Countess,Grime Stone Records,Cass,,,2022,25429897,Uncategorized,10/11/2023,,,
SPIN034,Bloody Panda,Summon,20 Buck Spin,"2xLP, Album, Ltd, Gat + DVD-V","['Doom Metal', 'Experimental']",,2010,2373573,Uncategorized,7/5/2020,,,
SC163,Bobb Trimble,Harvest Of Dreams,Secretly Canadian,"LP, Album, RE","['Folk Rock', 'Psychedelic Rock']",,2007,1242694,Uncategorized,7/5/2020,,,
ORD-45,Boduf Songs,Abyss Versions,Orindal Records,"LP, Album, Blu","['Indie Rock', 'Post Rock']",,2019,14232637,Uncategorized,7/5/2020,,,
INRI088,Boduf Songs,"Inviolate Projection, Blood From Rome (Blankets)",BlueSanct,"10"", S/Sided, Ltd","['Doom Metal', 'Ethereal', 'Experimental']",,2009,1877244,Uncategorized,7/5/2020,,,
IPC-218LP,Bohren & Der Club Of Gore,Patchouli Blue,Ipecac Recordings,"2xLP, Album",['Dark Jazz'],,2020,14697308,Uncategorized,7/5/2020,,,
IBP158,Bölzer,Aura,Iron Bonehead Productions,"12"", EP, Ltd, RP, Gol","['Black Metal', 'Death Metal']",,2013,4792598,Uncategorized,6/22/2020,,,
none,Boris (3) featuring Uniform (5),"""Akuma No Uta"" At Elsewhere NYC 10th Sep. 2019",Holy Mountain Printing,"Flexi, 7"", S/Sided, Single",,,2020,14799251,Uncategorized,7/11/2020,,,
none,Candina,Spirit Demise,Grime Stone Records,Cass,,,2021,21064408,Uncategorized,10/11/2023,,,
none,Candina,Apparitions,Grime Stone Records,"Cass, EP, Ltd, Cle",,,2022,24125159,Uncategorized,10/11/2023,,,
FP06,Careus,In Absentia,Fiadh Productions,"Cass, EP, Ltd",['Black Metal'],,2022,25809013,Uncategorized,8/19/2023,,,
PSEUDO CS-023,Castle Turing,Castle Turing,Pseudocorp,Cass,,,2022,25363804,Uncategorized,10/11/2023,,,
none,Catalyst (46),Pomona,Larry Records,"LP, Album, Ltd, Ras",,,2022,26579276,Uncategorized,10/11/2023,,,
LY001CD,Caterina Barbieri (2),Spirit Exit,Light-years,"CD, Album",,,2022,23871236,Uncategorized,10/11/2023,,,
WTV-019,Cathedrals In The Night,Demo I,Worship The Void Records,"Cass, Ltd",,,2021,21397783,Uncategorized,10/11/2023,,,
none ,Celestial Sword,Fallen From The Astral Temple,Not On Label (Celestial Sword Self-released),"Cass, Album, Ltd, RE",['Black Metal'],,2021,19518175,Uncategorized,8/5/2021,,,Relic Version 3/5
none,Celestial Sword,Dawn Of The Crimson Moon,Not On Label (Celestial Sword Self-released),"Cass, Ltd, RE, C62","['Black Metal', 'Dungeon Synth']",,2021,19484788,Uncategorized,10/6/2021,,,
none,Celestial Sword,Dawn Of The Crimson Moon,Not On Label (Celestial Sword Self-released),"Cass, Ltd, RE, C62","['Black Metal', 'Dungeon Synth']",,2021,19484788,Uncategorized,10/6/2021,,,
DFS012,CFCF,Radiance & Submission,Driftless Recordings,"LP, Album, Ltd","['Ambient', 'Downtempo', 'Modern Classical']",,2015,7299969,Uncategorized,7/5/2020,,,
ume012,Charles.A.D,Dry Flower,梅レコード,"Cass, Album",,,2021,20147620,Uncategorized,10/11/2023,,,
none,Clem (21),Songs From The Valley,Grime Stone Records,Cass,,,2022,24556265,Uncategorized,10/11/2023,,,
NNF357,Coconut Dealers,Coconut Dealers,Not Not Fun Records,"2xCass, Comp",,,2021,20394643,Uncategorized,10/11/2023,,,
GI-372,Com Truise,"In Decay, Too",Ghostly International,"2xLP, Comp, Ltd, Cle","['Downtempo', 'Ambient', 'Synthwave']",,2020,16431690,Uncategorized,1/3/2021,,,
WV240,Cool Maritime,Big Earth Energy,Western Vinyl,"LP, Album",,,2022,23339513,Uncategorized,10/11/2023,,,
ND-007,Count Olkoth,.​.​.​Welcome To The Dungeon House,Grime Stone Records,Cass,,,2022,26599118,Uncategorized,10/11/2023,,,
"none, 104",Crestfallen Dusk,Crestfallen Dusk,"Moonlight Cypress Archetypes, Fólkvangr Records","Cass, Album, Ltd, Num","['Black Metal', 'Country Rock', 'Folk Metal']",,2022,24020723,Uncategorized,8/19/2023,,,
45,Crucifixion Bell,Subterranean Shadows,Banner Of Blood,"Cass, EP",,,2023,26039194,Uncategorized,10/11/2023,,,
none,Curta'n Wall,Terr'ble Death,Dim Light Candelabrum,"Cass, EP, Ltd, Num",,,2021,19320934,Uncategorized,10/11/2023,,,
none,Curta'n Wall,Siege Ubsessed!,"Grime Stone Records, A.S.GSR","Cass, Album, Ltd, M/Print, w/ ",,,2023,27041202,Uncategorized,10/11/2023,,,
LURE_102-S,Curta'n Wall,Siege Ubsessed! / Crocodile Moat... And Moar!,Phantom Lure,"2xLP, Album, Dlx, Ltd, Box",,,2023,28180315,Uncategorized,10/11/2023,,,
CT068,dai-ichi,Dai-ichi,Crown & Throne Ltd.,"LP, Ltd",,,2023,27170820,Uncategorized,10/11/2023,,,
WIGLP419,Dan Deacon,Mystic Familiar,Domino,"LP, Album, Ltd, Sil",['Experimental'],,2020,14728052,Uncategorized,7/5/2020,,,
WARPLP308,Daniel Lopatin,Uncut Gems (Original Motion Picture Soundtrack),Warp Records,"2xLP, Album",['Soundtrack'],,2019,14529639,Uncategorized,8/8/2020,,,
VILELP35,Darkthrone,Under A Funeral Moon,Peaceville,"LP, Album, RE, Gat",['Black Metal'],,2010,10773910,Uncategorized,6/10/2021,,,
VILELP923,Darkthrone,Eternal Hails......,Peaceville,"LP, Album, Ltd, Mar",['Black Metal'],,2021,19248652,Uncategorized,7/3/2021,,,
SRUIN138,Decoherence (2),System I,Sentient Ruin Laboratories,"Cass, Comp","['Industrial Metal', 'Black Metal']",,2021,19168087,Uncategorized,7/3/2021,,,
IXP-075,Dëhks... Ëspërance,Tragedy in the Eternal Empire of Mälëfice...,Ixiol Productions,"LP, Album, Ltd, Dar",,,2023,27061842,Uncategorized,10/11/2023,,,
CSKT-002,Doldrum (2),"The Knocking, Or The Story Of The Sound That Preceded Their Disappearance",Katafalque,"Cass, Album",,,2022,24437369,Uncategorized,10/11/2023,,,
SCRS01,Dorchadas,Sgàil,Soulcrusher Productions,"CD, EP",,,2020,25359994,Uncategorized,10/11/2023,,,
DAIS136,Drab Majesty,Modern Mirror ,Dais Records,"LP, Album, Ltd, RP, Cle","['Darkwave', 'New Wave', 'Goth Rock']",,2019,14333106,Uncategorized,7/5/2020,,,
NNF370,Dravier,Earth Mirage,Not Not Fun Records,"Cass, Album","['Lo-Fi', 'New Age', 'Tribal']",,2021,19189816,Uncategorized,8/28/2021,,,
SRUIN123,DSKNT,Vacuum γ​-​Noise Transition,Sentient Ruin Laboratories,"Cass, Album",,,2021,17170258,Uncategorized,6/3/2021,,,
"SRUIN058, BDC008",DSKNT,PhSPHR Entropy,"Sentient Ruin Laboratories, Babylon Doom Cult Records","LP, Album, Cle","['Black Metal', 'Death Metal']",,2018,12155904,Uncategorized,7/5/2020,,,
KEM 082,Dungen,4,Kemado Records,"LP, Album, Ltd, Whi","['Garage Rock', 'Space Rock', 'Psychedelic Rock']",,2008,2619437,Uncategorized,7/5/2020,,,
HD034,Dylan Cameron,Infinite Floor,HoloDeck,"LP, Album",['Techno'],,2016,7467684,Uncategorized,7/5/2020,,,
FR094,Dysthymia (4),Dysthymia,Fólkvangr Records,"Cass, Ltd, Num","['Depressive Black Metal', 'Atmospheric Black Metal']",,2021,21426001,Uncategorized,8/19/2023,,,
SP 185,Earth (2),Earth 2 - Special Low Frequency Version,Sub Pop,"2xLP, Album, RP","['Doom Metal', 'Experimental', 'Noise']",,2006,760379,Uncategorized,6/22/2020,,,
SP 361,Earth (2),Pentastar: In The Style Of Demons,Sub Pop,"LP, Album, RP","['Stoner Rock', 'Doom Metal']",,2006,700865,Uncategorized,6/22/2020,,,
none,Ebony Pendant,The Garden Of Strangling Roots,Grime Stone Records,"CD, EP, Ltd",['Black Metal'],,2021,17559457,Uncategorized,6/3/2021,,,
none,Ebony Pendant,Incantation Of Eschatological Mysticism,Grime Stone Records,"CD, Album",['Black Metal'],,2020,15990303,Uncategorized,5/20/2021,,,
WIGLP470X,Ela Minus,Acts Of Rebellion,Domino,"LP, Album, Ltd, Sil",['Techno'],,2020,16101857,Uncategorized,4/10/2021,,,
EDITIONS Mego 109V,Emeralds (2),What Happened,Editions Mego,"2xLP, Album, RE","['Drone', 'Experimental', 'Ambient']",,2010,2500279,Uncategorized,8/8/2020,,,
GI-407 / SMM-XLIV,Emeralds (2),Solar Bridge,Ghostly International,"LP, Album, RM",,,2022,24704294,Uncategorized,10/11/2023,,,
RAR131,Erensyrah,Odes To The Ghost,Realm & Ritual,"Cass, Ltd, Num",,,2022,22652990,Uncategorized,10/11/2023,,,
relic110,False (2),Portent,Gilead Media,"LP, Album, Ltd, Aqu",['Black Metal'],,2019,14253209,Uncategorized,7/6/2020,,,
RELIC58,False (2),Untitled,Gilead Media,"2xLP, Album, Ltd, Blu",,,2015,7150100,Uncategorized,10/11/2023,,,
"ORE004, ELD039",False (2),FALSE,"Howling Mine, Gilead Media","LP, Album",['Black Metal'],,2011,3044595,Uncategorized,7/6/2020,,,
none,Fell Voices,Fell Voices,"Human Resources, Attrition Records (2)","LP, Album",,,2009,1994131,Uncategorized,10/11/2023,,,
CRESCENT-003,Fellwinter,Night Of The Blood,Blood And Crescent,"CD, Album",['Black Metal'],,2022,23826767,Uncategorized,10/25/2022,,,
CRESCENT-006,Fellwinter,The Dawn Of Winter,Blood And Crescent,"CD, Album",['Black Metal'],,2023,27735606,Uncategorized,8/19/2023,,,
none,Festung,Der Turm,Not On Label (Festung Self-released),"Cass, Album, Ltd, Num",,,2022,21847657,Uncategorized,10/11/2023,,,
HAUSMO 73,Fire-Toolz,Skinless X-1,Hausu Mountain,"LP, Album","['Experimental', 'Ambient', 'Black Metal', 'Industrial', 'Fusion', 'New Age', 'Prog Rock', 'Noise', 'Vaporwave']",,2018,12422487,Uncategorized,8/25/2020,,,
OM123,Fire-Toolz,Field Whispers (Into The Crystal Palace),Orange Milk Records,"LP, Album","['Experimental', 'Prog Rock', 'Leftfield', 'New Age', 'Black Metal', 'Fusion', 'Ambient', 'Abstract']",,2019,14080190,Uncategorized,8/25/2020,,,
none,Fire-Toolz,Antihero,Not On Label (Fire-Toolz Self-released),"File, MP3, Single, VBR",['Black Metal'],,2020,15712180,Uncategorized,5/24/2021,,,
ASGSR 001,Forgotten Wind,Assorted Encounters With Apparitions,A.S.GSR,"Box, Album, Club, Ltd + 2xCass","['Dungeon Synth', 'Dark Ambient']",,2021,18767872,Uncategorized,5/20/2021,,,
Vendetta 92,Fórn,The Departure Of Consciousness,Vendetta Records (3),"LP, Album",['Funeral Doom Metal'],,2014,5912418,Uncategorized,6/22/2020,,,
TEXT018,Four Tet,Pink,Text Records,"2xLP, Album, Club, RM, 180","['Techno', 'IDM', 'Deep House', 'Experimental', 'Ambient']",,2015,7467715,Uncategorized,8/25/2020,,,
none,Friisk,.​.​.​ Un Torügg Bleev Blot Sand,Vendetta Records (3),"Cass, Album, Ltd",['Atmospheric Black Metal'],,2021,19403434,Uncategorized,8/5/2021,,,
DGMLP3,Fripp & Eno,The Equatorial Stars,"Discipline Global Mobile, Opal Records","LP, Album, RE, 200","['Experimental', 'Ambient']",,2014,6106294,Uncategorized,7/5/2020,,,
none,Frosk (3),Stone Prison,Grime Stone Records,"Cass, EP, Whi",,,2023,27706905,Uncategorized,10/11/2023,,,
TW001,Frost Clad,The Bastion Of Pines,Totem Wilds,"Cass, Ltd",,,2023,26127776,Uncategorized,10/11/2023,,,
NNF394,Frunk29,The Fifth Season,Not Not Fun Records,"Cass, Album",,,2022,25550965,Uncategorized,10/11/2023,,,
none,Fugitive Wizard (2),Extorris Magus,"Grime Stone Records, Pseudocorp","2xCass, Comp, Ltd","['Black Metal', 'Dungeon Synth']",,2021,18980509,Uncategorized,6/3/2021,,,
none,Fugitive Wizard (2),Obscuri Æternum,"Grime Stone Records, Pseudocorp",CD,,,2021,21062254,Uncategorized,10/11/2023,,,
PSEUDO CS-027,Fugitive Wizard (2),Ultima Magus Chapter I,Pseudocorp,"Cass, Ltd, Num",,,2023,28199857,Uncategorized,10/11/2023,,,
PSEUDO CS-035,Fugitive Wizard (2),Extorris Magus Appendix,Pseudocorp,"Cass, Ltd, Num",,,2023,28199902,Uncategorized,10/11/2023,,,
PSEUDO CS-039,Fugitive Wizard (2),Ultima Magus Chapter II,Pseudocorp,"Cass, Ltd, Num",,,2023,28199890,Uncategorized,10/11/2023,,,
DC90,Gastr Del Sol,Upgrade & Afterlife,Drag City,"12"" + LP + Album","['Post Rock', 'Indie Rock']",,1996,151832,Uncategorized,8/17/2020,,,
CRESCENT-002,Gauntlet Ring,Tyrannical Bloodlust,Blood And Crescent,"CD, Album",['Black Metal'],,2022,23310416,Uncategorized,10/25/2022,,,
CRESCENT-005,Gauntlet Ring,Beyond The Veil Of The Night,Blood And Crescent,"CD, Album",['Black Metal'],,2023,27686412,Uncategorized,8/19/2023,,,
HMP168,Ghoëst,Demo XV-XVI,High Mage Productions,Cass,,,2023,27553074,Uncategorized,10/11/2023,,,
void·026,Gloosh,Sylvan Coven,Depths of Void,"LP, Album, Ltd, Num, Cle",,,2022,23365466,Uncategorized,10/11/2023,,,
CST156,Godspeed You Black Emperor!,G_d's Pee At State's End!,Constellation,"LP, 180 + 10"", EP + Album",['Post Rock'],,2021,18068767,Uncategorized,4/10/2021,,,
NNF374,Golden Hallway Music,Rules & Chance Vol. 2,Not Not Fun Records,Cass,,,2021,19333849,Uncategorized,10/11/2023,,,
none,Golden Hallway Music,Rules & Chance,Not On Label (Golden Hallway Music Self-released),"Cass, Album","['Experimental', 'Minimal', 'Ambient', 'New Age', 'Lounge']",,2020,15482132,Uncategorized,6/10/2021,,,
V2007,Gong,Angel's Egg (Radio Gnome Invisible Part 2),Virgin,"LP, Album, Gat","['Space Rock', 'Psychedelic Rock', 'Prog Rock']",,1973,4548825,Uncategorized,6/22/2020,,,
"TRR 187, TRR187 LP",Grails,"Black Tar Prophecies Vol's 4, 5 & 6","Temporary Residence Limited, Temporary Residence Limited","2xLP, Comp, Etch","['Post Rock', 'Prog Rock']",,2013,4972923,Uncategorized,8/25/2020,,,
LR177,Green-House,Music For Living Spaces,Leaving Records,"Cass, Album",['Ambient'],,2021,19059580,Uncategorized,6/15/2021,,,
RAR129,Griefspell,Enchantments Of Dark Eternity,Realm & Ritual,"Cass, Ltd, Num",,,2022,22301380,Uncategorized,10/11/2023,,,
NP122_CA,Grima (2),Rotten Garden,Naturmacht Productions,"Cass, Album, Ltd",['Atmospheric Black Metal'],,2021,17047761,Uncategorized,7/11/2021,,,
"CAD3208, CAD 3208",Grimes (4),Visions,"4AD, 4AD","LP, Album","['Leftfield', 'New Wave', 'Abstract', 'Synth-pop', 'Experimental', 'Ethereal']",,2012,3419668,Uncategorized,7/5/2020,,,
TSR065,Growing,All The Way,The Social Registry,"LP, Album","['Experimental', 'Ambient']",,2008,1519150,Uncategorized,7/5/2020,,,
L&D12,Growing,Diptych,Laffs & Danger,"Cass, Album","['Drone', 'Abstract', 'Post Rock', 'Ambient']",,2021,18979456,Uncategorized,7/3/2021,,,
core047,Growing,Live,Conspiracy Records (2),"2xLP, Album, Ltd","['Drone', 'Noise', 'Minimal', 'Ambient']",,2007,938040,Uncategorized,7/3/2021,,,
NP - XVIII,Gudsforladt,"Friendship, Love and War",Night Of The Palemoon,Cass,,,2022,25775032,Uncategorized,10/11/2023,,,
CCA077,Gulch (2),Impenetrable Cerebral Fortress,Closed Casket Activities,"12"", Album, RP, Bla","['Hardcore', 'Metalcore']",,2020,15762528,Uncategorized,9/24/2020,,,
"OE015, UNIVERSE #1",Haarp (2) / Thou (2),Reincarnation Prayer,"One Eye Records (2), Mirror Universe","7"", EP, Ltd, Ora",,,2009,2039922,Uncategorized,6/22/2020,,,
AMI028,Hall Of Fame,"First Came Love, Then Came The Tree",Amish Records,LP + CDr + Ltd,"['Folk Rock', 'Psychedelic Rock']",,2007,1614479,Uncategorized,7/5/2020,,,
none,Hauntefaerie,"""Haunted by Fae"" Mix Vol. III-IV ",Not On Label,"CDr, Ltd",,,2023,27464361,Uncategorized,10/11/2023,,,
FR100,Have A Nice Life,Sea Of Worry,Flenser Records,"LP, Album, Ltd, Gre","['Doom Metal', 'Pop Rock', 'Shoegaze']",,2019,14361225,Uncategorized,7/5/2020,,,
NOQ021-1,Headdress,Lunes,No Quarter,"LP, Ltd","['Psychedelic Rock', 'Experimental']",,2009,1819216,Uncategorized,7/5/2020,,,
TLR 078,Heavy Winged,Fields Within Fields,Three Lobed Recordings,"LP, Album, Ltd",['Psychedelic Rock'],,2010,2296184,Uncategorized,7/5/2020,,,
ABX036,Heavy Winged,"Waking, Shaking",Aurora Borealis,"LP, Album, Ltd, Tra",['Drone'],,2009,1802121,Uncategorized,7/5/2020,,,
CAD 3503,Holly Herndon,Platform,4AD,"2xLP, Album",['Experimental'],,2015,7015065,Uncategorized,6/24/2020,,,
none,Homeskin,Itch Ecstasy,Not On Label (Homeskin Self-released),"Cass, Ltd, Pur",,,2022,25069579,Uncategorized,10/11/2023,,,
GARDE047,Ifernach,The Green Enchanted Forest Of The Druid Wizard,Tour De Garde,"CD, Album",,,2020,16004008,Uncategorized,10/11/2023,,,
BLNR013,Inferno (2),Paradeigma (Phosphenes Of Aphotic Eternity) ,Bile Noire,"Cass, Album, Ltd",['Black Metal'],,2021,18768931,Uncategorized,6/28/2021,,,
PSEUDO CS-040,Iron Firmament,Keepeater,Pseudocorp,"Cass, Album, Ltd, Num",,,2023,28138030,Uncategorized,10/11/2023,,,
STH2218,James Pants,Seven Seals,Stones Throw Records,"LP, Album",['Synth-pop'],,2009,2051877,Uncategorized,7/5/2020,,,
STH2363,James Pants,Savage,Stones Throw Records,"LP, Album","['New Age', 'Experimental']",,2015,6902928,Uncategorized,8/25/2020,,,
MS 2089,John Fahey & His Orchestra,Of Rivers And Religion,Reprise Records,"LP, Album, Die","['Folk Rock', 'Acoustic']",,1972,11641428,Uncategorized,7/5/2020,,,
NDEYA7LP,Jon Hassell,Seeing Through Sound (Pentimento Volume Two),Ndeya,"LP, Album","['Ambient', 'Contemporary Jazz', 'Leftfield']",,2020,15661397,Uncategorized,8/8/2020,,,
NDEYA1LP,Jon Hassell,Listening To Pictures (Pentimento Volume One),Ndeya,"LP, Album","['Ambient', 'Contemporary Jazz', 'Leftfield']",,2018,12103231,Uncategorized,7/5/2020,,,
VIRUS 461,Jucifer,За Bолгой для нас земли нет,"Alternative Tentacles, Mutants Of The Monster","2xLP, Album","['Doom Metal', 'Sludge Metal']",,2013,5174165,Uncategorized,7/5/2020,,,
"NRR-050, none",Kaldeket,Vitiate,"Night Rhythms Recordings, Big Bovine Industrial Wastes","Cass, EP",,,2021,20709817,Uncategorized,10/11/2023,,,
MOP093,Katabasilisk,Sunset of Solemn Silhouettes,Murder On Ponce,"Cass, Album, Ltd, Num",,,2021,18634567,Uncategorized,10/11/2023,,,
FR64,Kayo Dot,Hubardo,Flenser Records,"3xLP, Album, RE","['Avantgarde', 'Experimental', 'Prog Rock', 'Black Metal']",,2017,10434339,Uncategorized,7/5/2020,,,
HRR002V,Kayo Dot / Bloody Panda,Kayo Dot / Bloody Panda,Holy Roar Records,"12"", Gre",,,2006,919009,Uncategorized,7/5/2020,,,
LM 79,Këkht Aräkh,Pale Swordsman ,Livor Mortis,"LP, Album, Ltd",['Black Metal'],,2021,20507959,Uncategorized,4/19/2022,,,
SBR-3039,Këkht Aräkh,Night & Love,Sacred Bones Records,"Cass, Album",,,2022,25415287,Uncategorized,10/11/2023,,,
STS293LP,Kelly Lee Owens,Kelly Lee Owens,Smalltown Supersound,"LP, Album + CD, Album","['Techno', 'Ambient', 'Downtempo', 'Synth-pop']",,2017,9987858,Uncategorized,8/8/2020,,,
EPR 005,Keys To The Astral Gates And Mystic Doors,Keys To The Astral Gates And Mystic Doors,Empty Pit Recordings,Cass,,,2023,27761565,Uncategorized,10/11/2023,,,
ITR 166,Kid Congo & The Pink Monkey Birds,Dracula Boots,In The Red Recordings,"LP, Album","['Garage Rock', 'Psychedelic Rock']",,2009,1744147,Uncategorized,7/5/2020,,,
EGKC 3,King Crimson,Lizard,Editions EG,"LP, Album, RE, Gat",['Prog Rock'],,1987,3549352,Uncategorized,7/11/2020,,,
"BDC021, ET10",Koldovstvo (2),"Ни царя, ни бога = Ni Tsarya, Ni Boga ","Babylon Doom Cult Records, Extraconscious Records","LP, Album, Ltd, RE, Gol",,,2021,19590358,Uncategorized,7/26/2021,,,
CUT 081,Korgonthurus,Marras,Woodcut Records,"Cass, Album",,,2020,14892820,Uncategorized,10/11/2023,,,
"DATA092, BLR010",Korine,The Night We Raise,"Data Airlines, Born Losers Records","LP, Album, Ltd","['Synth-pop', 'New Wave', 'Post-Punk', 'Darkwave']",,2020,15882596,Uncategorized,11/22/2020,,,
P2-027,Krallice,Demonic Wealth,P2,"CD, Album",['Black Metal'],,2021,18675490,Uncategorized,5/16/2021,,,
ELD-023,Krallice,Krallice,Gilead Media,"2xLP, Album, Ltd",,,2009,1758736,Uncategorized,10/11/2023,,,
none,Krallice,Porous Resonance Abyss,Not On Label (Krallice Self-released),"Cass, Album",,,2023,27423072,Uncategorized,10/11/2023,,,
p2-029,Krallice,Crystalline Exhaustion,P2,"Cass, Album, Ltd, Cle",,,2022,22824305,Uncategorized,10/11/2023,,,
none,Lace Shawl,The Secret Botanist,Grime Stone Records,"Cass, Ltd",,,2021,19320568,Uncategorized,10/11/2023,,,
DPR-27MC,Lamp Of Murmuur,Melancholy Howls In Ceremonial Penitence,Death Prayer Records,"Cass, Album, RE, Red",['Black Metal'],,2022,22383457,Uncategorized,4/19/2022,,,
none,Lamp Of Murmuur,Submission And Slavery,Black Gangrene Productions,"Cass, Album",['Black Metal'],,2021,20633692,Uncategorized,4/19/2022,,,
AE016,Landon Caldwell & Nicholas Yeck-Stauffer,Unity In Isolation,Astral Editions,Cass,,,2021,17532760,Uncategorized,7/28/2021,,,
none,Life (69),Coma Garden,Larry Records,"Cass, Album, Ltd",,,2022,22497125,Uncategorized,10/11/2023,,,
none,Life (69),Demo Five,Larry Records,"Cass, EP, Ltd",,,2022,23804258,Uncategorized,10/11/2023,,,
RR7298,Locrian,Infinite Dissolution,Relapse Records,"LP, Album, Blu","['Experimental', 'Black Metal', 'Ambient', 'Post Rock']",,2015,7242186,Uncategorized,6/24/2020,,,
NNF403,Lorena Alvarez & Alejandro Palacios,Paisajes Para Torcer Al Reloj,Not Not Fun Records,Cass,,,2023,27885336,Uncategorized,10/11/2023,,,
SP 1250,Low,Double Negative,Sub Pop,"LP, Album, Ltd, Cle","['Ambient', 'Leftfield', 'Shoegaze']",,2018,12508766,Uncategorized,7/20/2020,,,
MMC001,Luis Vasquez,A Body Of Errors,2Mondi Collective,"LP, Album, Ltd, Red","['Experimental', 'Industrial', 'Post-Punk', 'Drone', 'Dark Ambient']",,2021,17784868,Uncategorized,5/26/2021,,,
"Eisen068, FE-06",Lustre (2),Night Spirit,"Eisenwald Tonschmiede, Fallen Empire","LP, Album, Ltd, Num, Blu","['Black Metal', 'Ambient']",,2013,4243861,Uncategorized,6/22/2020,,,
NVP016,Lustre (2),Wonder,Nordvis Produktion,"CD, Album",,,2013,4905921,Uncategorized,10/11/2023,,,
NVP019,Lustre (2),Blossom,Nordvis Produktion,"CD, Album",,,2015,6916895,Uncategorized,10/11/2023,,,
NVP141,Lustre (2),A Glimpse Of Glory,Nordvis Produktion,"CD, Album",,,2022,23235914,Uncategorized,10/11/2023,,,
NVP150,Lustre (2),A Thirst For Summer Rain,Nordvis Produktion,"CD, Album",,,2022,24334895,Uncategorized,10/11/2023,,,
none,Lycopolis (2),Amduat,Snow Wolf,Cass,,,2022,25619623,Uncategorized,10/11/2023,,,
HAUSMO 127,M. Geddes Gengras,"Expressed, I Noticed Silence",Hausu Mountain,"Cass, Album, C38",,,2022,23894756,Uncategorized,10/11/2023,,,
"MR 144, SLR038, FDCR-3",Malevich,Our Hollow,"Middle-Man Records, Sludgelord Records, Fremen Death Commando Records","LP, Album","['Grindcore', 'Black Metal']",,2019,14414352,Uncategorized,11/22/2020,,,
Thrill-539,Manslaughter 777,World Vision Perfect Harmony,Thrill Jockey,"LP, Album, Ltd, Pea","['Dub', 'Breakbeat', 'Electro', 'Rhythmic Noise', 'Industrial', 'Hip Hop', 'Jungle', 'Techno']",,2021,17922847,Uncategorized,3/21/2021,,,
Thrill-539,Manslaughter 777,World Vision Perfect Harmony,Thrill Jockey,LP,"['Dub', 'Breakbeat', 'Electro', 'Rhythmic Noise', 'Industrial', 'Hip Hop', 'Jungle', 'Techno']",,2021,18069346,Uncategorized,6/3/2021,,,
"IVR151LP, ET-11",Mare Cognitum,Solar Paroxysm,"I, Voidhanger Records, Extraconscious Records","2xLP, Album, Ltd, Ora",['Atmospheric Black Metal'],,2021,17914735,Uncategorized,4/11/2021,,,
FE-58,Mare Cognitum + Spectral Lore,Sol,Fallen Empire,"2xLP, Album, RM, Gam",,,2018,11747055,Uncategorized,10/11/2023,,,
NNA050,Matt Carlson,All Moments,NNA Tapes,LP,['Experimental'],,2012,3917267,Uncategorized,8/25/2020,,,
CAD3430,Merchandise (2),After The End,4AD,"LP, Album, Ltd, Gre",['Indie Rock'],,2014,6024108,Uncategorized,7/20/2020,,,
CAD3660,Merchandise (2),A Corpse Wired For Sound,4AD,"LP, Album, Ltd, Blu",['Post-Punk'],,2016,9085254,Uncategorized,7/20/2020,,,
PFLP003,Merkaba (4),Bones Of The Sacred Forest,Pagan Flames Productions,"LP, Album, Ltd","['Black Metal', 'Ethereal']",,2014,5636351,Uncategorized,7/26/2021,,,
OWS30,Metavari,Absurda-Music Reimagined In The Short Films Of David Lynch,One Way Static Records,"LP, Album, RSD, Ltd, Cle","['Synth-pop', 'Synthwave']",,2019,13276122,Uncategorized,7/5/2020,,,
OWS20,Metavari,Symmetri,One Way Static Records,"LP, Ltd","['Synth-pop', 'Synthwave']",,2017,11019145,Uncategorized,7/5/2020,,,
SBR-228,Moon Duo,Stars Are The Light,Sacred Bones Records,"LP, Album, Blu","['Indie Rock', 'Psychedelic Rock']",,2019,14240636,Uncategorized,8/8/2020,,,
RBR040,Moonknight,Discernment,Rising Beast Recordings,"Cass, EP, Ltd, RE, Yel",,,2021,19346860,Uncategorized,10/11/2023,,,
RBR049,Moonknight,L'Eclisse,Rising Beast Recordings,"Cass, Album, Ltd",,,2021,22916057,Uncategorized,10/11/2023,,,
AV451CS,Moonlight Sorcery,Piercing Through The Frozen Eternity,Avantgarde Music,"Cass, EP",,,2022,22808744,Uncategorized,10/11/2023,,,
Tower 0015,Moonlight Sword,Elfenwinter,Labyrinth Tower,Cass,,,2022,23455916,Uncategorized,10/11/2023,,,
none,Moonlight Sword,Imperial Dragoon Kommando,Oakheart Production,"Cass, EP, Ltd",,,2023,28491652,Uncategorized,10/11/2023,,,
RIF-039,Moonlight Sword,Elven Blood,Rabauw,Cass,,,2022,25619908,Uncategorized,10/11/2023,,,
ATROCITY ALTAR-78,Mourning Chant,Hateful Immortality,Atrocity Altar,Cass,,,2022,25747900,Uncategorized,8/27/2023,,,
archive twenty-one,Muslimgauze,Drugsherpa,Staalplaat,"CD, Album, Ltd",,,2013,5188327,Uncategorized,10/11/2023,,,
BBIW-004,Mycorrhizae,The Great Filtration,Big Bovine Industrial Wastes,"Cass, Album, Ltd",,,2023,27947307,Uncategorized,10/11/2023,,,
9981568,Nachtmystium,Silencing Machine,Century Media,"CD, Album, Ltd, Dig","['Black Metal', 'Psychedelic Rock', 'Experimental', 'Industrial']",,2012,3786580,Uncategorized,3/21/2021,,,
9983261,Nachtmystium,The World We Left Behind,Century Media,"2xLP, Album","['Black Metal', 'Heavy Metal', 'Experimental', 'Sludge Metal']",,2014,5951221,Uncategorized,7/5/2020,,,
WOLF 082LP,Nachtmystium,Resilient,"Prophecy Productions, Lupus Lounge","12"", EP, Ltd, Whi",['Black Metal'],,2018,12876955,Uncategorized,7/5/2020,,,
FR-083,Nameless Mist,Nameless Mist,Fólkvangr Records,"Cass, Album",['Black Metal'],,2021,19737085,Uncategorized,8/19/2023,,,
none,Narvarog,Narvarog,Grime Stone Records,"Cass, S/Sided, EP, Ltd, Num",,,2021,18488464,Uncategorized,10/11/2023,,,
Tower 0004,Narvarog,Fury And Triumph,Labyrinth Tower,Cass,,,2021,21148381,Uncategorized,10/11/2023,,,
none,Necrosferatul,Ancient Bloodlines Mean Nothing,Grime Stone Records,"CD, Ltd",,,2022,24343823,Uncategorized,10/11/2023,,,
"LPSEEDS4, BMG14004V",Nick Cave & The Bad Seeds,Your Funeral... My Trial,"Mute, BMG","2x12"", Album, RE, RM, 180",['Alternative Rock'],,2014,6429755,Uncategorized,8/25/2020,,,
HDR - 052-3,NONE (13),None,Hypnotic Dirge Records,"CD, Album, Ltd, RP","['Atmospheric Black Metal', 'Depressive Black Metal']",,0,15237157,Uncategorized,6/3/2021,,,
HDR 064-3,NONE (13),Life Has Gone On Long Enough,Hypnotic Dirge Records,"CD, Album, Ltd, RP","['Atmospheric Black Metal', 'Depressive Black Metal', 'Doom Metal']",,0,15795726,Uncategorized,6/3/2021,,,
HDR-070-2,NONE (13),Damp Chill Of Life,Hypnotic Dirge Records,"CD, Album, Ltd, RP","['Atmospheric Black Metal', 'Depressive Black Metal']",,2020,17044872,Uncategorized,6/3/2021,,,
DDR106,Nortfalke,Moonjeie,Dungeons Deep Records,"Cass, Album, Ltd, RE",,,2022,23185160,Uncategorized,10/11/2023,,,
SPIN122,Obsequiae,The Palms Of Sorrowed Kings,20 Buck Spin,"LP, Album","['Black Metal', 'Folk Metal']",,2019,14418719,Uncategorized,7/6/2020,,,
none,Olatom Amespïrïa,Demo 3,Not On Label (Olatom Amespïrïa Self-released),Cass,,,2023,27932340,Uncategorized,10/11/2023,,,
none,Old Nick (10),3 Bowls Of Porridge: An Very Full Collection,Grime Stone Records,"3xCass, Album + Box, Comp, Ltd",['Black Metal'],,2021,18980797,Uncategorized,6/3/2021,,,
none,Old Nick (10),A New Generation Of Vampiric Conspiracies,Grime Stone Records,"CD, Album, Ltd","['Black Metal', 'Dungeon Synth']",,2021,18041473,Uncategorized,6/3/2021,,,
LURE_032,Old Nick (10),A New Generation Of Vampiric Conspiracies,Phantom Lure,"2xLP, Album, Dra","['Black Metal', 'Dungeon Synth']",,2021,20255575,Uncategorized,10/6/2021,,,
none,Old Nick (10),Iam Vampire Castle,Grime Stone Records,"CD, Album, Ltd",,,2022,22728866,Uncategorized,10/11/2023,,,
none,Old Nick (10),Iam Vampire Castle,Grime Stone Records,"Cass, Album, Ltd",,,2021,21269284,Uncategorized,10/11/2023,,,
none,Old Nick (10),Flying Ointment Remastered - Special Edition,Grime Stone Records,"CD, EP, Ltd, S/Edition",,,2022,22742282,Uncategorized,10/11/2023,,,
none,Old Nick (10),Crisp Winter Dawn of My Night Moon,Grime Stone Records,"CD, EP, Ltd",,,2022,23874161,Uncategorized,10/11/2023,,,
none,Old Nick (10),Crisp Winter Dawn of My Night Moon,Grime Stone Records,"Cass, EP, Ltd",,,2022,21769264,Uncategorized,10/11/2023,,,
none,Old Nick (10),Ghost O'Clock,Grime Stone Records,"Cass, EP",,,2022,24463394,Uncategorized,10/11/2023,,,
NAIL022,Old Nick (10),Forest of Grief,His Wounds,"LP, Ltd",,,2021,17275750,Uncategorized,10/11/2023,,,
LURE_079,Old Nick (10),Ghost O'Clock,Phantom Lure,"LP, EP, Tra",,,2023,26373089,Uncategorized,10/11/2023,,,
AV457CS,Olhava,Reborn,Avantgarde Music,"Cass, Album, Ltd",,,2022,24093353,Uncategorized,10/11/2023,,,
SFT 031,Oneohtrix Point Never,Drawn And Quartered,Software (2),"LP, Comp","['Ambient', 'Experimental', 'Abstract']",,2013,4561839,Uncategorized,8/8/2020,,,
SFT029,Oneohtrix Point Never,Zones Without People,Software (2),"LP, Album, RE","['New Age', 'Abstract', 'Drone']",,2013,4545992,Uncategorized,8/8/2020,,,
WARPlp295,Oneohtrix Point Never,Age Of,Warp Records,"LP, Album","['Experimental', 'IDM', 'Glitch', 'Ambient']",,2018,12075906,Uncategorized,6/22/2020,,,
WARPLP318O,Oneohtrix Point Never,Magic Oneohtrix Point Never,Warp Records,"2xLP, Album, Ltd, Ora","['Abstract', 'Ambient', 'Experimental', 'Synth-pop', 'New Age']",,2020,16136301,Uncategorized,11/22/2020,,,Patch included.
"NB 5437-1, 5437-1",Oranssi Pazuzu,Mestarin Kynsi,"Nuclear Blast, Nuclear Blast","LP, Ora + LP, S/Sided, Etch, Ora + Album, Ltd",['Black Metal'],,2020,15129157,Uncategorized,6/22/2020,,,
BR069,Panopticon (6),...And Again Into The Light,Bindrune Recordings,"2xLP, Album, Clo + CD, Album","['Atmospheric Black Metal', 'Folk Metal']",,2021,18990964,Uncategorized,6/28/2021,,,
"BR055LP, NVP082LP",Panopticon (6),...On The Subject Of Mortality,"Bindrune Recordings, Nordvis Produktion","LP, Album, RE, Blu","['Atmospheric Black Metal', 'Progressive Metal', 'Folk Metal', 'Neofolk']",,2018,12937879,Uncategorized,7/5/2020,,,
"PFCD005, none",Panopticon (6),Collapse,"Pagan Flames Productions, Lundr Records","CD, Album","['Atmospheric Black Metal', 'Progressive Metal', 'Folk Metal']",,2009,1973752,Uncategorized,6/3/2021,,,
KUNSTHALL 056,Paysage D'Hiver,Im Wald,Kunsthall Produktionen,"4xLP, Album + Box","['Black Metal', 'Ambient']",,2020,15541773,Uncategorized,12/23/2020,,,
"Kunsthall 065, KUNSTHALL 066",Paysage D'Hiver,Geister,"Kunsthall Produktionen, Kunsthall Produktionen","2xLP, Album, Gat","['Black Metal', 'Ambient']",,2021,18373753,Uncategorized,4/28/2021,,,
OLE1549LP,Perfume Genius,Set My Heart On Fire Immediately,Matador,"2xLP, Album",['Art Rock'],,2020,15311509,Uncategorized,7/5/2020,,,
FR75,Planning For Burial,Below The House,Flenser Records,"LP, Album, RP, Jau","['Shoegaze', 'Sludge Metal', 'Experimental']",,2019,13291066,Uncategorized,6/24/2020,,,
CCA072,Portrayal Of Guilt / Soft Kill,Portrayal Of Guilt / Soft Kill,Closed Casket Activities,"7"", Ltd, Whi",,,2019,14650792,Uncategorized,9/2/2020,,,
SILK130,Precipitation,Glass Horizon,100% Silk,"LP, Whi","['Ambient', 'New Age', 'House', 'Electro']",,2022,24263306,Uncategorized,5/15/2023,,,
SKULL-09,Prideswallower,Lifeswallower,Brightskull Records,"7"", EP",['Punk'],,2007,3264424,Uncategorized,6/22/2020,,,
HAUSMO 92,Pulse Emitter,Swirlings,Hausu Mountain,"LP, Album","['Ambient', 'Modern Classical', 'New Age', 'Drone', 'Experimental', 'Sound Art']",,2020,14630631,Uncategorized,8/25/2020,,,
Immune 026,Pulse Emitter,Crater Lake,Immune,"LP, Album, Blu","['Drone', 'Experimental', 'Synth-pop']",,2013,5094138,Uncategorized,8/25/2020,,,
HAUSMO 128,Pulse Emitter,Dusk,Hausu Mountain,"Cass, Album, C44",,,2022,25120690,Uncategorized,10/11/2023,,,
BBIW-002,Pure Imp,Pure Imp,Big Bovine Industrial Wastes,"Cass, Ltd",,,2023,27947283,Uncategorized,10/11/2023,,,
1,Radagast (2),An Earthly Sacrement,"Grime Stone Records, Pseudocorp","Cass, S/Sided",,,2021,20667949,Uncategorized,10/11/2023,,,
TTT012,Ringarë,Sorrow Befell,Tempest Tome Tapes,"Cass, Album, Ltd","['Atmospheric Black Metal', 'Black Metal']",,2020,16477551,Uncategorized,6/30/2021,,,
none,Saphileaum,Ganbana,Not Not Fun Records,"Cass, Album",,,2022,24527531,Uncategorized,10/11/2023,,,
"BEWITH077LP, KPM2127",Seahawks,Island Visions,"Be With Records, KPM Music","LP, Album","['Ambient', 'Downtempo', 'New Age']",,2020,15132797,Uncategorized,8/8/2020,,,
CSN117,Seahawks,Eyes Of The Moon,Cascine,"LP, Album","['Ambient', 'Downtempo', 'New Age']",,2019,13383814,Uncategorized,7/5/2020,,,
Canto XIV,Sëht,Kenvassã Ejarmä Enva Valar​ã​ã,Canti Eretici Productions,"Cass, EP, Ltd",,,2023,26110114,Uncategorized,10/11/2023,,,
LT-0085,Shadowfax,Watercourse Way,Windham Hill Records,"Cass, Album, RE, Dol","['Fusion', 'Jazz-Rock', 'Prog Rock']",,1985,5311187,Uncategorized,6/17/2021,,,
WT-1038,Shadowfax,The Dreams Of Children,Windham Hill Records,"Cass, Album, Dol","['New Age', 'Contemporary Jazz']",,1984,8013082,Uncategorized,6/17/2021,,,
TG211,Shellac,1000 Hurts,Touch And Go,"LP, Album + CD, Album + Box","['Alternative Rock', 'Post-Punk', 'Math Rock']",,2000,598989,Uncategorized,7/5/2020,,,
solcd017,Shores Of Ladon,Witterung,Sol Records (4),"CD, Album, Ltd",,,2021,20935894,Uncategorized,10/11/2023,,,
solcd020,Shores Of Ladon,Heimkehr,Sol Records (4),"CD, EP, Ltd",,,2021,20935939,Uncategorized,10/11/2023,,,
AUM028/29/30,Shrimp Boat,Something Grand,AUM Fidelity,"3xCD, Comp + Box",['Alternative Rock'],,2004,1255494,Uncategorized,4/11/2021,,,
DC282,Six Organs Of Admittance,School Of The Flower,Drag City,"LP, Album","['Folk Rock', 'Acoustic']",,2005,594929,Uncategorized,7/5/2020,,,
DC453,Six Organs Of Admittance,Asleep On The Floodplain,Drag City,"LP, Album","['Folk Rock', 'Acoustic', 'Psychedelic Rock']",,2011,2738775,Uncategorized,7/5/2020,,,
RHD-033U KNO,SK U Kno,U KNO,No 'Label' (2),"LP, MiniAlbum","['Abstract', 'Downtempo', 'Ambient']",,2018,11749233,Uncategorized,7/5/2020,,,
RHD-033U KNO,SK U Kno,U KNO,No 'Label' (2),"LP, MiniAlbum","['Abstract', 'Downtempo', 'Ambient']",,2018,11749233,Uncategorized,7/5/2020,,,
SofO-077,Snowing,That Time I Sat In A Pile Of Chocolate,Square Of Opposition Records,"LP, Comp",['Emo'],,2016,8010876,Uncategorized,7/5/2020,,,
32,Soft Kill,Not Quite Dracula Music,Cercle Social Records,"Cass, Num",['Post-Punk'],,2021,19089772,Uncategorized,6/15/2021,,,
TARTALB011,Space Ghost (2),Aquarium Nightclub,Tartelet Records,LP,"['House', 'Ambient', 'Funk']",,2019,14314968,Uncategorized,7/5/2020,,,
"ET-04, IVR125LP",Spectral Lore & Mare Cognitum,Wanderers: Astrology Of The Nine,"Entropic Recordings, I, Voidhanger Records","3xLP, Album, Ltd, RE, Red",,,2020,16586790,Uncategorized,1/22/2021,,,
PFL255LP,Spectral Wound,A Diabolic Thirst,Profound Lore Records,"LP, Album",['Black Metal'],,2021,18322984,Uncategorized,4/19/2022,,,
ARLP094,Spektr (2),Cypher,Agonia Records,"LP, Album, Ltd, Whi","['Black Metal', 'Industrial']",,2013,4893519,Uncategorized,7/5/2020,,,
SBR-243,Spellling,The Turning Wheel,Sacred Bones Records,"Cass, Album, Ora",['Folk'],,2021,19405582,Uncategorized,7/7/2021,,,
DAIS119,SRSQ,Unreality,Dais Records,"LP, Album, Ltd, Cle","['Dream Pop', 'Shoegaze', 'Ethereal']",,2018,12756347,Uncategorized,6/22/2020,,,
FR91,Street Sects,The Kicking Mule,Flenser Records,"LP, Album, Ltd, Sil","['Punk', 'Industrial']",,2018,12729076,Uncategorized,6/24/2020,,,
PFL253LP,Suffering Hour,The Cyclic Reckoning,Profound Lore Records,"LP, Album","['Black Metal', 'Death Metal']",,2021,17386057,Uncategorized,4/11/2021,,,
SA022,Sun Araw,The Inner Treaty,Sun Ark Records,"CD, Album, Dig","['Dub', 'Psychedelic Rock']",,2012,4066022,Uncategorized,7/5/2020,,,
WOODSIST045,Sun Araw,Off Duty / Boat Trip,Woodsist,"CD, Comp, Ltd","['Psychedelic Rock', 'Experimental']",,2010,2483434,Uncategorized,7/5/2020,,,
SA012,Sun Araw,Ancient Romans,Sun Ark Records,"2xLP, Album, Whi","['Abstract', 'Psychedelic Rock']",,2011,3070089,Uncategorized,6/24/2020,,,
ECL-060,Sun City Girls,Fruit Of The Womb / Polite Deception,Eclipse Records (3),"2xLP, Comp, Ltd, RE",['Experimental'],,2009,1641894,Uncategorized,7/5/2020,,,
SO 27,Sunburned Hand Of The Man,Rare Wood,Spirit Of Orr,"CD, Album, Dig","['Tribal', 'Psychedelic Rock']",,2004,712553,Uncategorized,6/15/2021,,,
STS 134 LP,Sunburned Hand Of The Man,Fire Escape,Smalltown Supersound,"2xLP, Album, Ltd","['Abstract', 'Noise', 'Psychedelic Rock', 'Experimental', 'Post Rock']",,2009,1759861,Uncategorized,7/5/2020,,,
TLR-133,Sunburned Hand Of The Man,Pick A Day To Die,Three Lobed Recordings,LP,"['Psychedelic Rock', 'Experimental', 'Blues Rock']",,2021,17586322,Uncategorized,6/15/2021,,,
"SUNN100, sunn100",Sunn O))),Monoliths & Dimensions,"Southern Lord, Southern Lord","CD, Album","['Doom Metal', 'Experimental', 'Drone']",,2009,1777200,Uncategorized,4/11/2021,,,
"SUNN²⁵, sunn25",Sunn O))),White1,"Southern Lord, Southern Lord","CD, Album","['Drone', 'Doom Metal', 'Ambient']",,2003,498669,Uncategorized,4/11/2021,,,
"SUNN³¹, sunn31",Sunn O))),White2,"Southern Lord, Southern Lord","CD, Album","['Doom Metal', 'Experimental', 'Ambient']",,2004,443977,Uncategorized,4/11/2021,,,
"SUNN50, sunn50",Sunn O))),Black One,"Southern Lord, Southern Lord","CD, Album","['Black Metal', 'Doom Metal', 'Drone', 'Experimental', 'Dark Ambient']",,2005,535757,Uncategorized,4/11/2021,,,
sunn62,Sunn O))) & Boris (3),Altar,Southern Lord,"2xCD, Album, Ltd, Num",,,2006,818145,Uncategorized,4/11/2021,,,
none,Sunrise Patriot Motion,Black Fellflower Stream,Sibir Records,"Cass, Album",,,2022,23573885,Uncategorized,10/11/2023,,,
"NRR-051, none",Svisselsant,Svisselsant,"Night Rhythms Recordings, Big Bovine Industrial Wastes","Cass, EP",,,2021,20710012,Uncategorized,10/11/2023,,,
YG63,Swans,Leaving Meaning.,Young God Records,"2xLP, Album",['Experimental'],,2019,14289346,Uncategorized,7/5/2020,,,
MEX202,Tamaryn,Cranekiss,Mexican Summer,"LP, Album","['Indie Rock', 'Shoegaze', 'Indie Pop']",,2015,7404435,Uncategorized,7/5/2020,,,
DAIS142,Tempers,Private Life,Dais Records,"LP, Album, Ltd, Yel","['Darkwave', 'Synth-pop']",,2019,14340943,Uncategorized,7/5/2020,,,
MFM028,Terekke,Improvisational Loops,Music From Memory,"LP, Album",['Ambient'],,2018,11425393,Uncategorized,7/5/2020,,,
"KOMPAKT 241, KOM 241",The Field,Looping State Of Mind,"Kompakt, Kompakt","2x12"", Album + CD, Album","['Shoegaze', 'Minimal', 'Tech House']",,2011,3150416,Uncategorized,7/5/2020,,,
runt30,The For Carnation,Promised Works,Runt,"CD, Comp, RM, Dig","['Lo-Fi', 'Post Rock']",,1997,587594,Uncategorized,7/5/2020,,,
tg214cd,The For Carnation,The For Carnation,Touch And Go,"CD, Album",['Post Rock'],,2000,212603,Uncategorized,7/5/2020,,,
"87520-1, none",The Garden (6),U Want The Scoop?,"Epitaph, Burger Records","12"", S/Sided, EP, Etch, Ora","['Punk', 'Experimental']",,2017,10415433,Uncategorized,7/13/2020,,,
APE 6001,The Gun Club,Miami,Animal Records,"LP, Album, Ter","['Blues Rock', 'Punk']",,1982,5008649,Uncategorized,7/5/2020,,,Gold Stamped Promo
SFTRI 742,The Gun Club,The Las Vegas Story,Sympathy For The Record Industry,"LP, Album, RE, RM",['Alternative Rock'],,2004,6272946,Uncategorized,6/22/2020,,,
SFTRI741,The Gun Club,Death Party,Sympathy For The Record Industry,"CD, EP, RE, RM","['Garage Rock', 'Indie Rock']",,2004,1013535,Uncategorized,6/22/2020,,,
FK004,The Oracle (10),Damnatio Memoriae,Forbidden Keep,"Cass, Album",,,2022,21975976,Uncategorized,10/11/2023,,,
COOKCD757,The Orb,Abolition Of The Royal Familia,Cooking Vinyl,"CD, Album","['Ambient', 'House', 'Dub']",,2020,14877557,Uncategorized,6/10/2021,,,
"PODR002LP, WEBB575LP",The Quiet Temple,The Quiet Temple,"The Point Of Departure Recording Company, Wichita","LP, Album","['Post Rock', 'Contemporary Jazz']",,2019,13924183,Uncategorized,7/5/2020,,,
Vàn333,The Ruins Of Beverast,The Thule Grimoires,Ván,"CD, Album","['Black Metal', 'Doom Metal', 'Atmospheric Black Metal']",,2021,17208832,Uncategorized,6/10/2021,,,
CATLP157,The Sun Ra Arkestra,Jazz in Silhouette,Not Now Music,"LP, Album, RE, 180","['Bop', 'Hard Bop', 'Free Jazz']",,2019,13941074,Uncategorized,7/5/2020,,,
ESR 507,The Sun Ra Arkestra,Atlantis,Saturn Research,"LP, Mono, Ltd, RE, RM, 180",['Space-Age'],,0,1545258,Uncategorized,7/5/2020,,,
TPE-082,The Warlocks,Heavy Deavy Skull Lover,Tee Pee Records,"LP, Album, Ltd, Pin","['Alternative Rock', 'Psychedelic Rock', 'Shoegaze']",,2007,1389774,Uncategorized,7/5/2020,,,
Noise39V,The Web (4),Clydotorous Scrotodhendron,Noise Pollution,"12""",['Experimental'],,2010,3440155,Uncategorized,8/25/2020,,,
ROBO116,Thou (2),Peasant,Robotic Empire,"2x12"", Album, RE, RM",['Sludge Metal'],,2017,10603020,Uncategorized,6/22/2020,,,
SBR-205,Thou (2),Magus,Sacred Bones Records,"2xLP, Album, Ltd, Mag","['Doom Metal', 'Sludge Metal']",,2018,12444340,Uncategorized,6/10/2021,,,
"Lord119, lord119, lord119lp",Thou (2),Summit,"Southern Lord, Southern Lord, Southern Lord","LP, Album, Whi",['Doom Metal'],,2010,2595858,Uncategorized,6/22/2020,,,
BFB 24,Till (27),Land Of Plenty,Born For Burning,"CD, Album, Ltd",,,2021,20545966,Uncategorized,10/11/2023,,,
VERM-019,Till (27),Monument to Man's Frailty,Vermignosis,Cass,,,2022,25532905,Uncategorized,10/11/2023,,,
CAD3614,Tim Hecker,Love Streams,4AD,"2xLP, Album","['Abstract', 'Ambient']",,2016,8346774,Uncategorized,8/8/2020,,,
DAIS 103,Time Machines,Time Machines,Dais Records,"CD, Album, RE, RM",['Drone'],,2017,10796623,Uncategorized,4/11/2021,,,
IPC141,Tomahawk (6),Stone Letter,Ipecac Recordings,"7"", S/Sided, RSD, Etch, Ltd",['Alternative Rock'],,2012,4053248,Uncategorized,9/13/2020,,,
VOS002 ,Tomas Nordmark,Eternal Words,Valley Of Search,"LP, Ltd","['Ambient', 'Experimental']",,2019,13122771,Uncategorized,7/5/2020,,,
3984-15517-1,Tombs,The Grand Annihilation,Metal Blade Records,"LP, Album","['Black Metal', 'Sludge Metal']",,2017,10437981,Uncategorized,7/5/2020,,,
OP004,Tommy Awards,Inre Rymden,Origin Peoples,"LP, MiniAlbum","['Downtempo', 'Chillwave', 'Ambient']",,2017,10440687,Uncategorized,7/5/2020,,,
DAIS110,Tor Lundvall,A Dark Place ,Dais Records,"LP, Album, Ltd","['Dark Ambient', 'Ambient', 'Synth-pop']",,2018,11520085,Uncategorized,8/8/2020,,,
LORD115,Trap Them,Filth Rations,Southern Lord,"12"", S/Sided, EP, Etch, Ltd","['Hardcore', 'Death Metal', 'Grindcore']",,2010,2258571,Uncategorized,3/23/2021,,,
Canto XVII,Trhä,Endlh​​​ë​​​d​​​ë​​​haj Q​​​á​​​shm​​​ë​​​na ëlh Vim Innivte,Canti Eretici Productions,"Cass, Album, Ltd",,,2023,26391680,Uncategorized,10/11/2023,,,
IXP-082,Trhä,Mã Héshiva Õn Dahh Khata Trhândlha Vand Ëfd Datnen Aghen Ecíës Drhãtdlhan Savd,Ixiol Productions,"LP, Album, Ltd, Dar",,,2023,28312009,Uncategorized,10/11/2023,,,
IXP-090,Trhä,Endlhëdëhaj Qáshmëna Ëlh Vim Innivte,Ixiol Productions,"LP, Ltd, Ora",,,2023,28311985,Uncategorized,10/11/2023,,,
TOWER0005,Trhä,Endlhëtonëg,Labyrinth Tower,"Cass, Album",,,2021,21633829,Uncategorized,10/11/2023,,,
Canto XIX,Trhä / Sëht,Dlahdlhë,Canti Eretici Productions,"Cass, Album, Ltd",,,2023,26392016,Uncategorized,10/11/2023,,,
A&C068,Trust (15),TRST,Arts & Crafts,"2xLP, Album","['Darkwave', 'Synth-pop', 'Electro']",,2012,3430674,Uncategorized,6/22/2020,,,
"FP61, STARLESS 001",Twilight Stronghold / Vöghräth,Promo Nov. '21 / S/T (Demo '21),"Fiadh Productions, Starless Music","Cass, Comp, Ltd",,,2022,25556893,Uncategorized,8/19/2023,,,
NR056,U.S. Christmas,USCHRISTMAS,Neurot Recordings,"12"", EP","['Space Rock', 'Psychedelic Rock']",,2007,1492364,Uncategorized,7/27/2020,,,
FP10,Uamh,"A Windswept River's Edge, Carved Through Ancient Stone",Fiadh Productions,"Cass, EP, Ltd","['Atmospheric Black Metal', 'Dark Ambient', 'Dungeon Synth']",,2022,24544043,Uncategorized,8/19/2023,,,
#237,Ultha,All That Has Never Been True,Vendetta Records (3),"Cass, Album, Ltd",,,2022,22754024,Uncategorized,10/11/2023,,,
SBR-258,Uniform (5),Shame,Sacred Bones Records,"LP, Album, Bla","['Noise', 'Industrial Metal']",,2020,15953460,Uncategorized,11/26/2020,,,
SBR-170,Uniform (5),Wake In Fright,Sacred Bones Records,"LP, Album","['Noise', 'Industrial']",,2017,9680883,Uncategorized,7/5/2020,,,
SBA-003,Uniform (5) & The Body (3),Everything That Dies Someday Comes Back,"Sacred Bones Records, Sacred Bones Alliance Series","LP, Album",,,2019,14006026,Uncategorized,7/5/2020,,,
NNF360,UNKNOWN ME,美心体 = Bishintai ,Not Not Fun Records,LP,,,2021,18523288,Uncategorized,10/11/2023,,,
DDR103,Urdôl Ur,Seven Portals To The Arcane Realms,Dungeons Deep Records,"Cass, Ltd",,,2022,21975916,Uncategorized,10/11/2023,,,
"IXP-050, COVEN028",Urdôl Ur,Seven Portals To The Arcane Realms,"Ixiol Productions, Unborn Productions","LP, Album",,,2022,23544677,Uncategorized,10/11/2023,,,
UKEM-LP-002,Vegard,Call From The Forest,UKEM Records,"LP, Ltd, Num, RM, Blu",['Black Metal'],,0,18770971,Uncategorized,11/29/2021,,,
ARLP129,VI (5),De Praestigiis Angelorum,Agonia Records,"LP, Album, Ltd, Num",['Black Metal'],,2015,7888580,Uncategorized,6/22/2020,,,
YR0098,Viagra Boys,Common Sense,Year0001,"12"", EP, Ltd, Blu","['Indie Rock', 'Post-Punk', 'New Wave']",,2020,15029200,Uncategorized,8/8/2020,,,
none,vide (2),Collection,JEMS,"Cass, Comp, Ltd, RE","['Black Metal', 'Atmospheric Black Metal']",,2021,20894578,Uncategorized,4/19/2022,,,
none,vide (2),Hanging By The Bayou Light,JEMS,"Cass, Album, Ltd, RE","['Black Metal', 'Atmospheric Black Metal']",,2021,20894509,Uncategorized,4/19/2022,,,
"HALO107, DC34",Vile Creature,Cast Of Static And Smoke,"Halo Of Flies, Dry Cough Records","LP, Album, Ltd, Bla","['Doom Metal', 'Black Metal', 'Sludge Metal']",,2018,11741812,Uncategorized,6/24/2020,,,
none,Vital Spirit,"Still As The Night, Cold As The Wind",Vendetta Records (3),"CD, Album",,,2022,23407892,Uncategorized,10/11/2023,,,
NNF398,Voyage Futur,In Constant Change,Not Not Fun Records,"Cass, Album",,,2023,27497889,Uncategorized,10/11/2023,,,
Vendetta #113,Wandar,Landlose Ufer,Vendetta Records (3),"LP, Ltd, Num, RE, RM, Whi",['Black Metal'],,2021,18207301,Uncategorized,5/11/2021,,,
none,Weeping Coffin,F.B.I. ,Grime Stone Records,CDr,,,2022,22728986,Uncategorized,10/11/2023,,,
FR-101,Winterburial,White Tomb Pilgrimage,Fólkvangr Records,"Cass, Album, Ltd, Num",['Black Metal'],,2022,24586712,Uncategorized,8/19/2023,,,
LORD103,Wolves In The Throne Room,Black Cascade,Southern Lord,"2xLP, Album, RP",['Atmospheric Black Metal'],,2018,12678132,Uncategorized,7/11/2020,,,
"RR4601, RR46141",Wolves In The Throne Room,Primordial Arcana,"Relapse Records, Relapse Records, Artemisia Records","2xLP, Album, Dlx, Ltd, Bla","['Atmospheric Black Metal', 'Black Metal']",,2021,20153167,Uncategorized,9/13/2021,,,
DIA014,Wolves In The Throne Room,Diadem Of 12 Stars,Artemisia Records,"2xLP, Album, RE",['Atmospheric Black Metal'],,2016,8658419,Uncategorized,7/11/2020,,,
NNF411,X.Y.R.,Memory Tapes,Not Not Fun Records,"Cass, Album, Bla",,,2023,28105918,Uncategorized,10/11/2023,,,
BMR-029,"Xirgan, Till (27)",A Clash of Darkened Sorcery,Bitter Misery Records,Cass,,,2023,26068357,Uncategorized,10/11/2023,,,
PRC-312,Xiu Xiu,Plays The Music Of Twin Peaks,Polyvinyl Record Company,"LP, Red + LP, Blu + Album, RSD, Ltd","['Experimental', 'Ambient', 'Soundtrack']",,2016,8398440,Uncategorized,7/5/2020,,,
none,Zhmach,Euphoria Never Leaves ,Grime Stone Records,Cass,,,2021,20429014,Uncategorized,10/11/2023,,,
none,Zhmach,Karyta Dzieda Platona,Grime Stone Records,Cass,,,2023,27415026,Uncategorized,10/11/2023,,,
SBR 297,Zola Jesus,Arkhon,Sacred Bones Records,"Cass, Album",,,2022,23682629,Uncategorized,10/11/2023,,,
RR7476,Zombi (2),Liquid Crystal,Relapse Records,"12"", EP, Ltd, Roy","['Prog Rock', 'Synthwave']",,2021,18671773,Uncategorized,5/11/2021,,,
